{"cameraMode":{"drawMode":0,"name":"Shaded","section":"Shading Mode"},"sceneLighting":true,"audioPlay":false,"sceneViewState":{"showFog":true,"showMaterialUpdate":false,"showSkybox":true,"showFlares":true,"showImageEffects":true,"showParticleSystems":true},"in2DMode":false,"pivot":{"x":1.2094950675964356,"y":1.2380000352859498,"z":-1.190000057220459},"rotation":{"x":0.19479453563690186,"y":-0.5470626950263977,"z":0.1326548457145691,"w":0.8032917976379395},"size":3.7434470653533937,"orthographic":false}