{"cameraMode":{"drawMode":0,"name":"Shaded","section":"Shading Mode"},"sceneLighting":true,"audioPlay":false,"sceneViewState":{"showFog":true,"showMaterialUpdate":false,"showSkybox":false,"showFlares":true,"showImageEffects":true,"showParticleSystems":true},"in2DMode":false,"pivot":{"x":5.458375453948975,"y":2.7799997329711916,"z":-2.3633341789245607},"rotation":{"x":-0.15192082524299622,"y":0.0802062526345253,"z":-0.012390385381877423,"w":-0.985186755657196},"size":61.361263275146487,"orthographic":false}